The Obesity Society: Home; /url?q=https://www.obesity.org/&sa=U&ved=0ahUKEwi7hb_fp8XdAhWDfZAKHR5xCQwQFggUMAA&usg=AOvVaw0yIFDmhycE3ziKlOtBQ6gC
Obesity - Wikipedia; /url?q=https://en.wikipedia.org/wiki/Obesity&sa=U&ved=0ahUKEwi7hb_fp8XdAhWDfZAKHR5xCQwQFggZMAE&usg=AOvVaw3lMWKfqhycDiM9NQYsQuW_
Obesity: Causes, Complications, and Diagnosis - Healthline; /url?q=https://www.healthline.com/health/obesity&sa=U&ved=0ahUKEwi7hb_fp8XdAhWDfZAKHR5xCQwQFggkMAI&usg=AOvVaw1QYtRtJIjaPYZJZS6CWAxg
Obesity | healthdirect; /url?q=https://www.healthdirect.gov.au/obesity&sa=U&ved=0ahUKEwi7hb_fp8XdAhWDfZAKHR5xCQwQFgguMAM&usg=AOvVaw0wWw-HbkLEcaMah8OaS_DF
Obesity - NHS; /url?q=https://www.nhs.uk/conditions/obesity/&sa=U&ved=0ahUKEwi7hb_fp8XdAhWDfZAKHR5xCQwQFgg0MAQ&usg=AOvVaw1Xvg_SDsnfz_XO1xz09ukB
Obesity - Causes - NHS; /url?q=https://www.nhs.uk/conditions/obesity/causes/&sa=U&ved=0ahUKEwi7hb_fp8XdAhWDfZAKHR5xCQwQFgg5MAU&usg=AOvVaw1yJChkiMROP2cyDytR9XPS
The Importance of Diet and Exercise in Reducing Obesity - Watch ...; /url?q=https://www.webmd.com/diet/obesity/video/obesity-risks&sa=U&ved=0ahUKEwi7hb_fp8XdAhWDfZAKHR5xCQwQtwIIPzAG&usg=AOvVaw0OpEAPbEx5ge8HnpK9plNP
What is Obesity? - Medical News Today; /url?q=https://www.medicalnewstoday.com/info/obesity&sa=U&ved=0ahUKEwi7hb_fp8XdAhWDfZAKHR5xCQwQFghCMAc&usg=AOvVaw2ovjM2THTN8atl_axqOokN
WHO | Obesity - World Health Organization; /url?q=http://www.who.int/topics/obesity/en/&sa=U&ved=0ahUKEwi7hb_fp8XdAhWDfZAKHR5xCQwQFghHMAg&usg=AOvVaw2cBBh0lHS8m2WwdBHWoWoX
Obesity: MedlinePlus; /url?q=https://medlineplus.gov/obesity.html&sa=U&ved=0ahUKEwi7hb_fp8XdAhWDfZAKHR5xCQwQFghNMAk&usg=AOvVaw3mMFIjz7LCgz6l5aEJ8QxH
Imagens de obesity; /search?q=obesity&sa=N&biw=1280&bih=496&ie=UTF-8&prmd=ivnsb&tbm=isch&tbo=u&source=univ&ved=0ahUKEwjjv-3fp8XdAhXHk5AKHSzjCZk4ChCwBAgU
Overweight & Obesity | CDC; /url?q=https://www.cdc.gov/obesity/index.html&sa=U&ved=0ahUKEwjjv-3fp8XdAhXHk5AKHSzjCZk4ChAWCCAwBQ&usg=AOvVaw1YBQ2lpLQXLsQb2Wi5FU8q
Obesity Causes, Treatment & BMI - MedicineNet; /url?q=https://www.medicinenet.com/obesity_weight_loss/article.htm&sa=U&ved=0ahUKEwjjv-3fp8XdAhXHk5AKHSzjCZk4ChAWCCUwBg&usg=AOvVaw0ppec0wvcnHy3uMgqj2OG5
Obesity - Causes, Symptoms, Treatment, Diagnosis - MedBroadcast ...; /url?q=https://medbroadcast.com/condition/getcondition/obesity&sa=U&ved=0ahUKEwjjv-3fp8XdAhXHk5AKHSzjCZk4ChAWCCowBw&usg=AOvVaw3oBiad-YjWuyNM-e4ozV6Z
Obesity - Symptoms and causes - Mayo Clinic; /url?q=https://www.mayoclinic.org/diseases-conditions/obesity/symptoms-causes/syc-20375742&sa=U&ved=0ahUKEwjjv-3fp8XdAhXHk5AKHSzjCZk4ChAWCC8wCA&usg=AOvVaw3Ru31RtBw8YYnVYTmJ966R
Obesity | Health Navigator NZ; /url?q=https://www.healthnavigator.org.nz/health-a-z/o/obesity/&sa=U&ved=0ahUKEwjjv-3fp8XdAhXHk5AKHSzjCZk4ChAWCDUwCQ&usg=AOvVaw3j3RzOhvDwZQGj7zhrntqZ
Effects of Obesity | Stanford Health Care; /url?q=https://stanfordhealthcare.org/medical-conditions/healthy-living/obesity.html&sa=U&ved=0ahUKEwjjv-3fp8XdAhXHk5AKHSzjCZk4ChAWCDwwCg&usg=AOvVaw0Bq6Alg6A99Un8YI7GlS6c
Overweight and Obesity - KidsHealth; /url?q=https://kidshealth.org/en/parents/overweight-obesity.html&sa=U&ved=0ahUKEwjjv-3fp8XdAhXHk5AKHSzjCZk4ChAWCEIwCw&usg=AOvVaw0Yp0Q18rZF8TCvn5duqnIi
National Obesity Rates & Trends – The State of Obesity; /url?q=https://stateofobesity.org/obesity-rates-trends-overview/&sa=U&ved=0ahUKEwjjv-3fp8XdAhXHk5AKHSzjCZk4ChAWCEcwDA&usg=AOvVaw3z-TsQGsXjyJ60zDYc-DhS
Utah State Obesity Data, Rates and Trends – The State of Obesity; /url?q=https://stateofobesity.org/states/ut/&sa=U&ved=0ahUKEwjjv-3fp8XdAhXHk5AKHSzjCZk4ChAWCEwwDQ&usg=AOvVaw0qsQyt4XKfENqiIofUwvQv
Overweight and obesity in adults - Healthy WA; /url?q=http://healthywa.wa.gov.au/Articles/N_R/Overweight-and-obesity-in-adults&sa=U&ved=0ahUKEwjuw5ngp8XdAhXGiJAKHSMwClI4FBAWCBQwAA&usg=AOvVaw3F4biI9H3sm4MV2fj7JYq9
Obesity News -- ScienceDaily; /url?q=http://www.sciencedaily.com/news/health_medicine/obesity/&sa=U&ved=0ahUKEwjuw5ngp8XdAhXGiJAKHSMwClI4FBAWCBowAQ&usg=AOvVaw0ryiIqcA48IorHiDv82iOI
Obesity: Causes, Complications & Treatments - Live Science; /url?q=https://www.livescience.com/34787-obesity-high-bmi-causes-diabetes-heart-disease.html&sa=U&ved=0ahUKEwjuw5ngp8XdAhXGiJAKHSMwClI4FBAWCB8wAg&usg=AOvVaw0uTdzx4vYgnP3J2v_goeKX
Obesity - Wiley Online Library; /url?q=https://onlinelibrary.wiley.com/journal/1930739x&sa=U&ved=0ahUKEwjuw5ngp8XdAhXGiJAKHSMwClI4FBAWCCUwAw&usg=AOvVaw3TmvfBJ_OP1aioIFMfnkJI
Household cleaners may trigger childhood obesity | CBC Radio; /url?q=https://www.cbc.ca/radio/whitecoat/household-cleaners-may-trigger-childhood-obesity-1.4826324&sa=U&ved=0ahUKEwjuw5ngp8XdAhXGiJAKHSMwClI4FBAWCCcwBA&usg=AOvVaw3MYJTiRechasvno6umqL_u
Household cleaners, disinfectants linked to obesity, overweight kids; /url?q=https://www.ajc.com/news/are-household-disinfectants-making-kids-overweight/kx965fjhELHr2eT8BW5LgJ/&sa=U&ved=0ahUKEwjuw5ngp8XdAhXGiJAKHSMwClI4FBAWCC0wBQ&usg=AOvVaw11lfEG0gNzw3__mV870P-F
European Association for the Study of Obesity: EASO; /url?q=http://easo.org/&sa=U&ved=0ahUKEwjuw5ngp8XdAhXGiJAKHSMwClI4FBAWCDMwBg&usg=AOvVaw0fx-y-KF-fuzydwOueYzQD
Obesity - BrainPOP; /url?q=https://www.brainpop.com/health/nutrition/obesity/&sa=U&ved=0ahUKEwjuw5ngp8XdAhXGiJAKHSMwClI4FBAWCDkwBw&usg=AOvVaw049Hyz0sYfFsAH7geky8WI
Obesity in America | What Are the Consequences? - PublicHealth.org; /url?q=https://www.publichealth.org/public-awareness/obesity/consequences/&sa=U&ved=0ahUKEwjuw5ngp8XdAhXGiJAKHSMwClI4FBAWCD8wCA&usg=AOvVaw1utIzfbeHHGGnI75tmoAaQ
Obesity statistics | Ministry of Health NZ; /url?q=https://www.health.govt.nz/nz-health-statistics/health-statistics-and-data-sets/obesity-statistics&sa=U&ved=0ahUKEwjuw5ngp8XdAhXGiJAKHSMwClI4FBAWCEQwCQ&usg=AOvVaw1PcihwLxNIHoM_vJag9M11
International Journal of Obesity - Nature; /url?q=https://www.nature.com/ijo/&sa=U&ved=0ahUKEwjg9cvgp8XdAhVOl5AKHbLACZg4HhAWCBQwAA&usg=AOvVaw0LVYrCB5di0TA7ZBgu9JG6
OBESITY: OVERVIEW OF AN EPIDEMIC - NCBI - NIH; /url?q=https://www.ncbi.nlm.nih.gov/pmc/articles/PMC3228640/&sa=U&ved=0ahUKEwjg9cvgp8XdAhVOl5AKHbLACZg4HhAWCBYwAQ&usg=AOvVaw2-zl-hNl5lVuuuJiMMTW7e
Obesity is not an illness - there's only one thing to blame; /url?q=https://www.telegraph.co.uk/women/life/obesity-not-illness-one-thing-blame/&sa=U&ved=0ahUKEwjg9cvgp8XdAhVOl5AKHbLACZg4HhAWCBswAg&usg=AOvVaw33T2uXr7XLbdVRpt3sKENT
The facts on overweight & obesity in Australia – Dietitians ...; /url?q=https://daa.asn.au/smart-eating-for-you/smart-eating-fast-facts/medical/the-facts-on-overweight-obesity-in-australia-link-to-ahww/&sa=U&ved=0ahUKEwjg9cvgp8XdAhVOl5AKHbLACZg4HhAWCCEwAw&usg=AOvVaw35WLCMlI8mj19USHkRKWP9
Obesity - HealthyChildren.org; /url?q=https://www.healthychildren.org/English/health-issues/conditions/obesity/Pages/default.aspx&sa=U&ved=0ahUKEwjg9cvgp8XdAhVOl5AKHbLACZg4HhAWCCcwBA&usg=AOvVaw15sSH67iXIOkzu91Zp0d1k
Obesity - Our World in Data; /url?q=https://ourworldindata.org/obesity&sa=U&ved=0ahUKEwjg9cvgp8XdAhVOl5AKHbLACZg4HhAWCC0wBQ&usg=AOvVaw3_lMQNgof52_wnJD-Dnbm6
Best predictor of obesity might be your ZIP code, says new report on ...; /url?q=http://www.chicagotribune.com/lifestyles/sc-fam-obesity-report-illinois-data-0925-story.html&sa=U&ved=0ahUKEwjg9cvgp8XdAhVOl5AKHbLACZg4HhAWCDIwBg&usg=AOvVaw1pkiXItGi8cBq7O6nnKB4s
Obesity - American Family Physician; /url?q=https://www.aafp.org/afp/topicModules/viewTopicModule.htm%3FtopicModuleId%3D19&sa=U&ved=0ahUKEwjg9cvgp8XdAhVOl5AKHbLACZg4HhAWCDgwBw&usg=AOvVaw0YyUTyXMdGXr4vdFxnVWsU
Diagnosis and Management of Obesity - AAFP; /url?q=https://www.aafp.org/dam/AAFP/documents/patient_care/fitness/obesity-diagnosis-mono.pdf&sa=U&ved=0ahUKEwjg9cvgp8XdAhVOl5AKHbLACZg4HhAWCDowCA&usg=AOvVaw0leeCaaloHzfh0u7KpyuzN
Obesity - The Lancet; /url?q=https://www.thelancet.com/series/obesity-2017&sa=U&ved=0ahUKEwjg9cvgp8XdAhVOl5AKHbLACZg4HhAWCDwwCQ&usg=AOvVaw28QiWqwCVudkWKz2gy2a7U
Obesity & Sleep - National Sleep Foundation; /url?q=https://sleepfoundation.org/sleep-topics/obesity-and-sleep&sa=U&ved=0ahUKEwjivvjgp8XdAhVGh5AKHS99BgU4KBAWCBQwAA&usg=AOvVaw1g1BiyuCiHakpYcH7dzNW-
Obesity - NICE CKS; /url?q=https://cks.nice.org.uk/obesity&sa=U&ved=0ahUKEwjivvjgp8XdAhVGh5AKHS99BgU4KBAWCBowAQ&usg=AOvVaw0bf6zZYLa5yKNehM3o0_0J
Obesity: Causes, Prevention, and Definition | Health; /url?q=https://www.health.com/condition/obesity&sa=U&ved=0ahUKEwjivvjgp8XdAhVGh5AKHS99BgU4KBAWCCAwAg&usg=AOvVaw1zZlU7g6qGLefEuMJ8ZBbw
What is Obesity? | Community Health Network; /url?q=https://www.ecommunity.com/services/community-bariatric-and-medical-weight-loss-services/what-is-obesity&sa=U&ved=0ahUKEwjivvjgp8XdAhVGh5AKHS99BgU4KBAWCCUwAw&usg=AOvVaw26ie-EbEECkCKjOsGRBei3
World Obesity Federation | Data; /url?q=https://www.worldobesity.org/data/&sa=U&ved=0ahUKEwjivvjgp8XdAhVGh5AKHS99BgU4KBAWCCowBA&usg=AOvVaw2xgJcxSZHBlsJwVJuxa5fg
Obesity in the U.S. - Food Research & Action Center; /url?q=http://frac.org/obesity-health/obesity-u-s&sa=U&ved=0ahUKEwjivvjgp8XdAhVGh5AKHS99BgU4KBAWCC8wBQ&usg=AOvVaw14204p9fSeX3vzT2w1OTHp
Obesity: The Big Picture - The New York Times; /url?q=http://www.nytimes.com/topic/subject/obesity-the-big-picture&sa=U&ved=0ahUKEwjivvjgp8XdAhVGh5AKHS99BgU4KBAWCDUwBg&usg=AOvVaw0BrxU80IrcJQFtDetVjbxX
America's Obesity Problem Is Getting Even Worse - Gizmodo; /url?q=https://gizmodo.com/americas-obesity-problem-is-getting-even-worse-1829068201&sa=U&ved=0ahUKEwjivvjgp8XdAhVGh5AKHS99BgU4KBAWCDowBw&usg=AOvVaw1tRK6DpkNkio0a8ou1Dk8Z
Study: Household Cleaners Could Lead to Childhood Obesity ...; /url?q=https://www.usnews.com/news/health-care-news/articles/2018-09-17/study-household-cleaners-could-lead-to-childhood-obesity&sa=U&ved=0ahUKEwjivvjgp8XdAhVGh5AKHS99BgU4KBAWCEAwCA&usg=AOvVaw0xWuvvG7t-UATiushk_6xW
Obesity - latest news, breaking stories and comment - The ...; /url?q=https://www.independent.co.uk/topic/Obesity&sa=U&ved=0ahUKEwjivvjgp8XdAhVGh5AKHS99BgU4KBAWCEYwCQ&usg=AOvVaw1R69MrqoixjOqX7pAFTqiJ
Study: Household Cleaners Could Lead to Childhood Obesity ...; /url?q=https://www.usnews.com/news/health-care-news/articles/2018-09-17/study-household-cleaners-could-lead-to-childhood-obesity&sa=U&ved=0ahUKEwi9_K_hp8XdAhXDjpAKHdo7DIM4MhAWCBQwAA&usg=AOvVaw2s2Oins_lnJa2e3qw8xOB_
Obesity - latest news, breaking stories and comment - The ...; /url?q=https://www.independent.co.uk/topic/Obesity&sa=U&ved=0ahUKEwi9_K_hp8XdAhXDjpAKHdo7DIM4MhAWCBowAQ&usg=AOvVaw1cYfnKUiMTKR9KGECvWO7_
DuPage Obesity Data - Dupage County Health Department; /url?q=http://www.dupagehealth.org/dupagebmi&sa=U&ved=0ahUKEwi9_K_hp8XdAhXDjpAKHdo7DIM4MhAWCB8wAg&usg=AOvVaw1MMmSjgAPJmCgwOiLN5aax
Nutrition, Physical Activity, and Obesity | Healthy People 2020; /url?q=https://www.healthypeople.gov/2020/leading-health-indicators/2020-lhi-topics/Nutrition-Physical-Activity-and-Obesity&sa=U&ved=0ahUKEwi9_K_hp8XdAhXDjpAKHdo7DIM4MhAWCCUwAw&usg=AOvVaw2AWTfxGXfiXAgoyNnDIJaE
SIGN 115 Management of obesity; /url?q=https://www.sign.ac.uk/sign-115-management-of-obesity.html&sa=U&ved=0ahUKEwi9_K_hp8XdAhXDjpAKHdo7DIM4MhAWCCswBA&usg=AOvVaw0NI3TNGC8gFBePB5Vqczc7
Obesity - American Psychological Association; /url?q=http://www.apa.org/topics/obesity/index.aspx&sa=U&ved=0ahUKEwi9_K_hp8XdAhXDjpAKHdo7DIM4MhAWCDAwBQ&usg=AOvVaw10qspdeannP6OBvZLlfXl2
Obesity - Statistics NZ home; /url?q=http://archive.stats.govt.nz/browse_for_stats/snapshots-of-nz/nz-social-indicators/Home/Health/obesity.aspx&sa=U&ved=0ahUKEwi9_K_hp8XdAhXDjpAKHdo7DIM4MhAWCDUwBg&usg=AOvVaw33TbUjJsZzQ2CR9QMRI217
Obesity - e-Learning for Healthcare; /url?q=https://www.e-lfh.org.uk/programmes/obesity/&sa=U&ved=0ahUKEwi9_K_hp8XdAhXDjpAKHdo7DIM4MhAWCDowBw&usg=AOvVaw24fuuweZVO__nLCR6yMYOQ
Obesity - Better Health Channel; /url?q=https://www.betterhealth.vic.gov.au/health/healthyliving/obesity&sa=U&ved=0ahUKEwi9_K_hp8XdAhXDjpAKHdo7DIM4MhAWCD8wCA&usg=AOvVaw3tF2bjULnVN35ulYo612LE
Obesity Prevention - New York State Department of Health; /url?q=https://www.health.ny.gov/prevention/obesity/&sa=U&ved=0ahUKEwi9_K_hp8XdAhXDjpAKHdo7DIM4MhAWCEUwCQ&usg=AOvVaw2flJzy3t45j9y7DlYSPapH
Child growth learning resource : Overweight and obesity; /url?q=https://www.rch.org.au/childgrowth/Overweight_and_obesity/&sa=U&ved=0ahUKEwixpN_hp8XdAhWBD5AKHfcEBv04PBAWCBQwAA&usg=AOvVaw13P4qYyVEpHE9EBj04Ws8W
What will it take to reverse childhood obesity? More than a single ...; /url?q=https://www.pbs.org/newshour/health/what-will-it-take-to-reverse-childhood-obesity-more-than-a-single-solution&sa=U&ved=0ahUKEwixpN_hp8XdAhWBD5AKHfcEBv04PBAWCBkwAQ&usg=AOvVaw29aeCf401l0zK95l2V3ruV
What is Morbid Obesity - Bariatric Surgery Center - Highland ...; /url?q=https://www.urmc.rochester.edu/highland/bariatric-surgery-center/questions/morbid-obesity.aspx&sa=U&ved=0ahUKEwixpN_hp8XdAhWBD5AKHfcEBv04PBAWCB8wAg&usg=AOvVaw1dMaH3gqpGxq8vG02_1JvT
Obesity - Introduction - HSE.ie; /url?q=https://www.hse.ie/eng/health/az/o/obesity/introduction.html&sa=U&ved=0ahUKEwixpN_hp8XdAhWBD5AKHfcEBv04PBAWCCUwAw&usg=AOvVaw1SFgX9dMq2f3aw6EucPwmn
Adult obesity | County Health Rankings & Roadmaps; /url?q=http://www.countyhealthrankings.org/explore-health-rankings/what-and-why-we-rank/health-factors/health-behaviors/diet-exercise/adult-obesity&sa=U&ved=0ahUKEwixpN_hp8XdAhWBD5AKHfcEBv04PBAWCCowBA&usg=AOvVaw3U8zRKL58-Y_RQ6Bf61zpZ
The problem of Obesity - CIBERobn; /url?q=http://www.ciberobn.es/en/about-us/the-problem-of-obesity&sa=U&ved=0ahUKEwixpN_hp8XdAhWBD5AKHfcEBv04PBAWCC8wBQ&usg=AOvVaw21Lc2cMCJYdUMy40VdlOM3
Obesity | Psychology Today; /url?q=https://www.psychologytoday.com/us/conditions/obesity&sa=U&ved=0ahUKEwixpN_hp8XdAhWBD5AKHfcEBv04PBAWCDQwBg&usg=AOvVaw2zmggVwi5bRDaNkLCLQ5tG
CHEO - Obesity; /url?q=http://www.cheo.on.ca/en/obesity&sa=U&ved=0ahUKEwixpN_hp8XdAhWBD5AKHfcEBv04PBAWCDkwBw&usg=AOvVaw3md1kJX6i756sahTKVyCZU
Overweight and obesity statistics | The Heart Foundation; /url?q=https://www.heartfoundation.org.au/about-us/what-we-do/heart-disease-in-australia/overweight-and-obesity-statistics&sa=U&ved=0ahUKEwixpN_hp8XdAhWBD5AKHfcEBv04PBAWCD8wCA&usg=AOvVaw1ytZLy9YhOcHaXXg73fji7
Getting Started: What is Obesity? | Let's Move!; /url?q=https://letsmove.obamawhitehouse.archives.gov/obesity&sa=U&ved=0ahUKEwixpN_hp8XdAhWBD5AKHfcEBv04PBAWCEUwCQ&usg=AOvVaw0xj2MIIjICUkfnzhthAvSW
Who we are - Obesity Policy Coalition; /url?q=http://www.opc.org.au/who-we-are&sa=U&ved=0ahUKEwjJhZfip8XdAhWLGJAKHa4eAyk4RhAWCBQwAA&usg=AOvVaw2IhJb-PIzNa6jo2LQ_wfe1
Obesity | Definition of Obesity by Merriam-Webster; /url?q=https://www.merriam-webster.com/dictionary/obesity&sa=U&ved=0ahUKEwjJhZfip8XdAhWLGJAKHa4eAyk4RhAWCBkwAQ&usg=AOvVaw011bh9cMhD2TUBBbr4Aq6n
Obesity | National Institute of Food and Agriculture - USDA NIFA; /url?q=https://nifa.usda.gov/topic/obesity&sa=U&ved=0ahUKEwjJhZfip8XdAhWLGJAKHa4eAyk4RhAWCCAwAg&usg=AOvVaw04nH4zgGjHW12IsTV8VlaH
The Obesity Epidemic — Root Causes – Dr. Jason Fung – Medium; /url?q=https://medium.com/%40drjasonfung/the-obesity-epidemic-root-causes-da6924da9794&sa=U&ved=0ahUKEwjJhZfip8XdAhWLGJAKHa4eAyk4RhAWCCYwAw&usg=AOvVaw3b2mb21LrxCbxCo0w8-MAX
An Epidemic of Obesity: U.S. Obesity Trends | The Nutrition Source ...; /url?q=https://www.hsph.harvard.edu/nutritionsource/an-epidemic-of-obesity/&sa=U&ved=0ahUKEwjJhZfip8XdAhWLGJAKHa4eAyk4RhAWCCwwBA&usg=AOvVaw2JbJTC9gelcOIJglUlTwTx
Obesity: Stories, News, and Expert Advice | HealthCentral; /url?q=https://www.healthcentral.com/category/obesity&sa=U&ved=0ahUKEwjJhZfip8XdAhWLGJAKHa4eAyk4RhAWCDIwBQ&usg=AOvVaw1Q96GDqY0XOgfkyWhYKAc6
Obesity Action Coalition: Home Page; /url?q=https://www.obesityaction.org/&sa=U&ved=0ahUKEwjJhZfip8XdAhWLGJAKHa4eAyk4RhAWCDcwBg&usg=AOvVaw2WERNPkr10QMiqSOQDv3e5
Cancer and obesity - iarc; /url?q=https://gco.iarc.fr/causes/obesity/&sa=U&ved=0ahUKEwjJhZfip8XdAhWLGJAKHa4eAyk4RhAWCDwwBw&usg=AOvVaw1UQRyWLDcLusMqaTPTN5jM
Obesity Information - Trust for America's Health - Trust for America's ...; /url?q=http://healthyamericans.org/obesity/&sa=U&ved=0ahUKEwjJhZfip8XdAhWLGJAKHa4eAyk4RhAWCEEwCA&usg=AOvVaw3wnBD0sGs1mQX2xIhDzG1M
Obesity rates now top 35 percent in 7 states - CBS News; /url?q=https://www.cbsnews.com/news/obesity-rates-now-top-35-percent-in-7-states/&sa=U&ved=0ahUKEwjJhZfip8XdAhWLGJAKHa4eAyk4RhAWCEcwCQ&usg=AOvVaw29nMa7yKkPU19Zj7T_e0Bn
This AI Predicts Obesity Prevalence—All the Way from Space; /url?q=https://singularityhub.com/2018/09/17/this-ai-predicts-obesity-prevalence-all-the-way-from-space/&sa=U&ved=0ahUKEwjLiNLip8XdAhXKh5AKHRG9C_Q4UBAWCBQwAA&usg=AOvVaw2UovAxAuEM9jiOfCGQbW_1
How Childhood Obesity Impacts Bone and Muscle Health - OrthoInfo ...; /url?q=https://orthoinfo.aaos.org/en/staying-healthy/the-impact-of-childhood-obesity-on-bone-joint-and-muscle-health/&sa=U&ved=0ahUKEwjLiNLip8XdAhXKh5AKHRG9C_Q4UBAWCBowAQ&usg=AOvVaw1OTMR0aEZ9208pZSZAKl8Y
Obesity | Alberta Health Services; /url?q=https://www.albertahealthservices.ca/info/page7468.aspx&sa=U&ved=0ahUKEwjLiNLip8XdAhXKh5AKHRG9C_Q4UBAWCB8wAg&usg=AOvVaw2KuqhUksp_IDEtqFPVC9fM
Obesity :: Washington State Department of Health; /url?q=https://www.doh.wa.gov/DataandStatisticalReports/DiseasesandChronicConditions/Obesity&sa=U&ved=0ahUKEwjLiNLip8XdAhXKh5AKHRG9C_Q4UBAWCCQwAw&usg=AOvVaw3Onxau6p9_7kqcKTK8bE6T
Obesity - Minnesota Department of Health; /url?q=http://www.health.state.mn.us/obesity/&sa=U&ved=0ahUKEwjLiNLip8XdAhXKh5AKHRG9C_Q4UBAWCCkwBA&usg=AOvVaw2X2xja3iT8wCVcKsfpYo8L
Obesity | JAMA Network Collections | JAMA Network; /url?q=https://jamanetwork.com/collections/5791/obesity&sa=U&ved=0ahUKEwjLiNLip8XdAhXKh5AKHRG9C_Q4UBAWCDAwBQ&usg=AOvVaw3WByaYLFIquZwrJNRwXWYO
NICHQ.Org | Healthy Care for Healthy Kids Obesity Toolkit; /url?q=https://www.nichq.org/resource/healthy-care-healthy-kids-obesity-toolkit&sa=U&ved=0ahUKEwjLiNLip8XdAhXKh5AKHRG9C_Q4UBAWCDIwBg&usg=AOvVaw28F_AdUInGUWqJ-7rPwZD1
Obesity and healthy eating - GOV.UK; /url?q=https://www.gov.uk/government/policies/obesity-and-healthy-eating&sa=U&ved=0ahUKEwjLiNLip8XdAhXKh5AKHRG9C_Q4UBAWCDcwBw&usg=AOvVaw3Tc159eufQ5JL-xbkbBPcl
Overweight and Obesity Rates for Adults by Gender | The Henry J ...; /url?q=https://www.kff.org/other/state-indicator/adult-overweightobesity-rate-by-gender/&sa=U&ved=0ahUKEwjLiNLip8XdAhXKh5AKHRG9C_Q4UBAWCD0wCA&usg=AOvVaw2tc9AqrHTDaReuOsuBUdPj
Association for the Study of Obesity: Home; /url?q=https://www.aso.org.uk/&sa=U&ved=0ahUKEwjLiNLip8XdAhXKh5AKHRG9C_Q4UBAWCEIwCQ&usg=AOvVaw2niFwgKDqZVenQk_KCG75N
The Science Behind Obesity - Novo Nordisk; /url?q=https://www.novonordisk.com/patients/obesity-and-weight-management/the-science-behind-obesity.html&sa=U&ved=0ahUKEwjW24rjp8XdAhXIG5AKHZHEA-E4WhAWCBQwAA&usg=AOvVaw25a8Qrh5dOFW6w01vMCXDx
Obesity Prevention Programs - Cancer Council Victoria; /url?q=https://www.cancervic.org.au/preventing-cancer/weight/obesity-programs&sa=U&ved=0ahUKEwjW24rjp8XdAhXIG5AKHZHEA-E4WhAWCBkwAQ&usg=AOvVaw0QGF_74DRcQ4lj18DM3EuZ
Overweight World - Obesity Facts and Statistics - YouTube; /url?q=https://www.youtube.com/watch%3Fv%3DIkoC3HZwe7Q&sa=U&ved=0ahUKEwjW24rjp8XdAhXIG5AKHZHEA-E4WhC3AggfMAI&usg=AOvVaw2K_ndUm7JWgO_7Ddgb1cPZ
Roundtable on Obesity Solutions : Health and Medicine Division; /url?q=http://nationalacademies.org/obesitysolutions&sa=U&ved=0ahUKEwjW24rjp8XdAhXIG5AKHZHEA-E4WhAWCCIwAw&usg=AOvVaw3JLfzUZVp2KW803q-BYqt9
Obesity | Alabama Department of Public Health (ADPH); /url?q=http://www.alabamapublichealth.gov/obesity/&sa=U&ved=0ahUKEwjW24rjp8XdAhXIG5AKHZHEA-E4WhAWCCkwBA&usg=AOvVaw3TqrcjPV3ofCD8ETn-sN1U
Cleaning Product Use Alters Infant Microbiome to Cause Obesity ...; /url?q=https://www.genengnews.com/gen-news-highlights/cleaning-product-use-alters-infant-microbiome-to-cause-obesity/81256242&sa=U&ved=0ahUKEwjW24rjp8XdAhXIG5AKHZHEA-E4WhAWCC8wBQ&usg=AOvVaw3TovKeJMpDm0iF4I6HNgpu
Overweight & obesity Overview - Australian Institute of Health and ...; /url?q=https://www.aihw.gov.au/reports-statistics/behaviours-risk-factors/overweight-obesity/overview&sa=U&ved=0ahUKEwjW24rjp8XdAhXIG5AKHZHEA-E4WhAWCDUwBg&usg=AOvVaw0vznjG6j8zH2JTtDpzYkYS
RACGP - Obesity Australia Summit 2018: A new approach to a ...; /url?q=https://www.racgp.org.au/newsGP/Professional/Obesity-Australia-Summit-2018-A-new-approach-to-a&sa=U&ved=0ahUKEwjW24rjp8XdAhXIG5AKHZHEA-E4WhAWCDswBw&usg=AOvVaw1pszeNdBXTB4GY5h8JLgXK
Childhood Obesity - American Heart Association; /url?q=http://www.heart.org/HEARTORG/HealthyLiving/HealthyKids/ChildhoodObesity/Childhood-Obesity_UCM_459376_SubHomePage.jsp&sa=U&ved=0ahUKEwjW24rjp8XdAhXIG5AKHZHEA-E4WhAWCEEwCA&usg=AOvVaw3RcIaOrrt0PiPaKqLkSYaW
U of A researcher finds rising trend of obesity discrimination ...; /url?q=https://globalnews.ca/news/4453585/u-of-a-researcher-finds-rising-trend-of-obesity-discrimination/&sa=U&ved=0ahUKEwjW24rjp8XdAhXIG5AKHZHEA-E4WhAWCEcwCQ&usg=AOvVaw2Qh5MOkXwMAu-TXvBigooz
